<dataConfig> 
  <dataSource driver="org.mariadb.jdbc.Driver" type="JdbcDataSource" url="jdbc:mysql://localhost:3306/dietrichonline"  user="solr" password="dietrich"/> 
  <document> 
    <entity name="tfl_fehler" query="select * from tfl_fehler" deltaQuery="select eid from tfl_fehler where last_modified > '${dataimporter.last_index_time}'"> 
		<field column="originalText" name="originalText" />
		<field column="band" name="band" />
		<field column="charErrors" name="charErrors" />
		<field column="bd_seite" name="bd_seite" />
		<field column="bd_zeile" name="bd_zeile" />
		<field column="bd_spalte" name="bd_spalte" />
		<field column="lemma" name="lemma" />

      <entity name="tfl_fehler_rptmap"
              query="select fk_rptmap from tfl_fehler_rptmap where fk_fehler='${tfl_fehler.eid}'"
              deltaQuery="select fk_rptmap, fk_fehler from tfl_fehler_rptmap where last_modified > '${dataimporter.last_index_time}'"
              parentDeltaQuery="select eid from tfl_fehler where eid=${tfl_fehler_rptmap.fk_fehler}">
        <entity name="tfl_rptmap"
                query="select description from tfl_rptmap where id = '${tfl_fehler_rptmap.fk_rptmap}'"
                deltaQuery="select id from tfl_rptmap where last_modified > '${dataimporter.last_index_time}'"
                parentDeltaQuery="select fk_rptmap, fk_fehler from tfl_fehler_rptmap where fk_rptmap=${tfl_fehler.id}">
          <field column="description" name="description" />
        </entity>
      </entity>
    </entity>
	
	<entity name="lemma" query="select * from lemma" deltaQuery="select eid from lemma where last_modified > '${dataimporter.last_index_time}'"> 
		<field column="bezeichnung" name="bezeichnung" />
		<field column="original_bezeichnung" name="original_bezeichnung" />
		<field column="erweiterung" name="erweiterung" />
		<field column="original_homonym_zusatz" name="original_homonym_zusatz" />
		<field column="neuer_homonym_zusatz" name="neuer_homonym_zusatz" />
		<field column="allgemeinebemerkung" name="allgemeinebemerkung" />
		<field column="ist_gnd_verzeichnet" name="ist_gnd_verzeichnet" />
		<field column="ist_geloescht" name="ist_geloescht" />
		<field column="verweis" name="verweis" />
		<field column="fk_lemmabearbeitungsstatus" name="fk_lemmabearbeitungsstatus" /> <!-- requierd -->
		
		
		<!-- INNER JOIN lemmabearbeitungsstatus lemmaBStatus ON lemma.fk_lemmabearbeitungsstatus = lemmaBStatus.id -->
		<entity name="lemmabearbeitungsstatus"
				query="select * from lemmabearbeitungsstatus where id='${lemma.fk_lemmabearbeitungsstatus}'"
		        deltaQuery="select * from lemmabearbeitungsstatus where last_modified > '${dataimporter.last_index_time}'"
				parentDeltaQuery="select * from lemma where id=${lemmabearbeitungsstatus.id}">
			<field column="bezeichnung" name="status_bezeichnung" />
			<field column="beschreibung" name="status_beschreibung" />
        </entity>
		
				<!-- LEFT JOIN lemma_gnd lemma_gnd ON lemma.id = lemma_gnd.fk_lemma -->
		<entity name="lemma_gnd" query="select * from lemma_gnd where fk_lemma='${lemma.id}'"
		        deltaQuery="select * from lemma_gnd where last_modified > '${dataimporter.last_index_time}'"
				parentDeltaQuery="select * from lemma where id=${lemma_gnd.fk_lemma}">
			<!-- LEFT JOIN gnd gnd ON lemma_gnd.fk_gnd = gnd.id -->
			<entity name="gnd" query="select * from gnd where id = '${lemma_gnd.fk_gnd}'"
			        deltaQuery="select * from gnd where last_modified > '${dataimporter.last_index_time}'"
				    parentDeltaQuery="select * from lemma_gnd where fk_gnd=${gnd.id}">
				<field column="nummer" name="gnd_nummer" />
				<field column="schlagwort" name="gnd_schlagword" />
				
				<!-- LEFT JOIN gnd_ddc gnd_ddc ON gnd.id = gnd_ddc.fk_gnd -->
				<entity name="gnd_ddc" query="select * from gnd_ddc where id = '${gnd.id}'"
						deltaQuery="select * from gnd_ddc where last_modified > '${dataimporter.last_index_time}'"
						parentDeltaQuery="select * from gnd where id=${gnd_ddc.fk_gnd}">
					<!-- LEFT JOIN ddc ddc ON gnd_ddc.fk_ddc = ddc.id -->
					<entity name="ddc" query="select * from ddc where id = '${gnd_ddc.fk_ddc}'"
					        deltaQuery="select * from ddc where last_modified > '${dataimporter.last_index_time}'"
							parentDeltaQuery="select * from gnd_ddc where fk_ddc=${ddc.id}">
							<field column="notation" name="ddc_notation" />
							<field column="schlagwort" name="ddc_schlagword" />
							<field column="webdewey_is_checked" name="ddc_webdewey_is_checked" />
					</entity>
				</entity>
			</entity>
        </entity>	
	</entity>
  </document>
</dataConfig>