{
  "properties": {
    "@timestamp": {
      "type": "date"
    },
    "@version": {
      "type": "text",
      "fields": {
        "keyword": {
          "type": "keyword",
          "ignore_above": 256
        }
      }
    },
    "artikel_autor": {
      "type": "text",
      "fields": {
        "keyword": {
          "type": "keyword"
        },
        "suggest": {
          "type" : "completion"
        }
      }
    },
    "artikel_bibliographieseite": {
      "type": "long"
    },
    "artikel_bibliographiespalte": {
      "type": "keyword"
    },
    "artikel_bibliographiezeile": {
      "type": "long"
    },
    "artikel_dietrichkollation": {
      "type": "text"
    },
    "artikel_entries": {
      "properties": {
        "artikel_domain_name": {
          "type": "keyword"
        },
        "artikel_url": {
          "type": "keyword"
        }
      }
    },
    "artikel_erstmoegliches_erscheinungsjahr": {
      "type": "long"
    },
    "artikel_id": {
      "type": "long"
    },
    "artikel_letztmoegliches_erscheinungsjahr": {
      "type": "long"
    },
    "artikel_physikalische_seite": {
      "type": "long"
    },
    "artikel_sigle": {
      "type": "keyword",
      "fields": {
        "suggest": {
          "type" : "completion"
        }
      }
    },
    "artikel_titel": {
      "type": "text",
      "fields": {
        "suggest": {
          "type" : "completion"
        }
      }
    },
    "band_bandkuerzel": {
      "type": "keyword"
    },
    "band_dfg_link": {
      "type": "keyword"
    },
    "band_entries": {
      "properties": {
        "band_bemerkung": {
          "type": "text"
        },
        "band_domain_name": {
          "type": "keyword"
        },
        "band_normkollation": {
          "type": "text"
        },
        "band_url": {
          "type": "keyword"
        }
      }
    },
    "ddc_entries": {
      "properties": {
        "ddc_notation": {
          "type": "keyword"
        },
        "ddc_schlagwort": {
          "type": "keyword"
        },
        "ddc_webdewey_is_checked": {
          "type": "boolean"
        }
      }
    },
    "gnd_entries": {
      "properties": {
        "gnd_nummer": {
          "type": "keyword"
        },
        "gnd_schlagwort": {
          "type": "keyword",
          "fields": {
            "suggest": {
              "type" : "completion"
            }
          }
        }
      }
    },
    "lemma_bezeichnung": {
      "type": "text",
      "fields": {
        "keyword": {
          "type": "keyword"
        },
        "suggest": {
          "type" : "completion"
        }
      }
    },
    "lemma_neuer_homonym_zusatz": {
      "type": "text"
    },
    "litref_dietrichbezeichnung": {
      "type": "text"
    },
    "litref_dietrichkollation": {
      "type": "keyword"
    },
    "normlitref_entries": {
      "properties": {
        "literaturtyp_bezeichnung": {
          "type": "keyword"
        },
        "litref_map_normkollation": {
          "type": "keyword"
        },
        "normlitref_id": {
          "type": "long"
        },
        "normlitref_kvk_bezeichnung": {
          "type": "text"
        },
        "normlitref_zdb_bezeichnung": {
          "type": "text"
        }
      }
    },
    "werk_entries": {
      "properties": {
        "werk_bemerkung": {
          "type": "text"
        },
        "werk_domain_name": {
          "type": "keyword"
        },
        "werk_url": {
          "type": "keyword"
        }
      }
    },
    "artikel_titel_suggest" : {
      "type" : "completion"
    },
    "kvk_zdb_suggest" : {
      "type" : "completion"
    },
    "full_search_suggest" : {
      "type" : "completion"
    }
  }
}