<?xml version="1.0"?>
<ruleset name="PSR2DO">
    <description>
        The coding standard, based on PSR2, for the Project Dietrich Online.
        For further informations see: https://ub-docu.uni-trier.de/dietrichonline/dietrichonline-web/wikis/Code-Conventions#code-style
    </description>
    <arg name="tab-width" value="4"/>

    <!-- PSR 1 -->
    <rule ref="PSR1">
    </rule>

    <rule ref="PSR1.Methods.CamelCapsMethodName.NotCamelCaps">
        <exclude-pattern>tests/*</exclude-pattern>
    </rule>

    <!-- PSR2 -->
    <rule ref="PSR2">
        <exclude name="PSR2.Classes.ClassDeclaration.ExtendsLine.OnNewLine" />
        <exclude name="PSR2.Classes.ClassDeclaration.OpenBraceNewLine" />
        <exclude name="Squiz.Functions.MultiLineFunctionDeclaration.BraceOnSameLine" />
        <exclude name="Squiz.Functions.MultiLineFunctionDeclaration.NewlineBeforeOpenBrace" />
        <exclude name="Squiz.NamingConventions.ValidVariableName.PrivateNoUnderscore" />
    </rule>

    <!-- Private methods MUST not be prefixed with an underscore -->
    <rule ref="PSR2.Methods.MethodDeclaration.Underscore">
        <type>error</type>
    </rule>

    <!-- Private properties MUST not be prefixed with an underscore -->
    <rule ref="PSR2.Classes.PropertyDeclaration.Underscore">
        <type>error</type>
    </rule>

    <!-- Generic -->
    <rule ref="Generic">
        <exclude name="Generic.Functions.OpeningFunctionBraceKernighanRitchie.BraceOnNewLine" />
        <exclude name="Generic.CodeAnalysis.ForLoopShouldBeWhileLoop" />
        <exclude name="Generic.Commenting.Fixme" />
        <exclude name="Generic.Commenting.Todo" />
        <exclude name="Generic.Commenting.DocComment.TagValueIndent" />
        <exclude name="Generic.Files.EndFileNoNewline" />
        <exclude name="Generic.Files.LineEndings" />
        <exclude name="Generic.Files.LineLength" />
        <exclude name="Generic.Files.OneClassPerFile" />
        <exclude name="Generic.Files.OneInterfacePerFile" />
        <exclude name="Generic.Formatting.NoSpaceAfterCast.SpaceFound" />
        <exclude name="Generic.Formatting.SpaceBeforeCast.NoSpace" />
        <exclude name="Generic.NamingConventions.CamelCapsFunctionName" />
        <exclude name="Generic.PHP.ClosingPHPTag" />
        <exclude name="Generic.VersionControl.SubversionProperties" />
        <exclude name="Generic.WhiteSpace.DisallowSpaceIndent" />
        <exclude name="Generic.WhiteSpace.DisallowTabIndent" />
        <exclude name="Generic.Files.LowercasedFilename" />
        <exclude name="Generic.Classes.OpeningBraceSameLine.BraceOnNewLine" />
        <exclude name="Generic.Functions.OpeningBraceSameLine.BraceOnNewLine" />
        <exclude name="Generic.PHP.UpperCaseConstant" />
        <exclude name="Generic.Arrays.DisallowShortArraySyntax" />
        <!-- allow not without space e.g.: if (!true) ... -->
        <exclude name="Generic.Formatting.SpaceAfterNot.Incorrect" />
        <!-- allow one line docblock for inline properties: /** @var int $index */. See PSR-5, PSR-19 further details -->
        <exclude name="Generic.Commenting.DocComment.ContentAfterOpen" />
        <exclude name="Generic.Commenting.DocComment.ContentBeforeClose" />
        <exclude name="Generic.Commenting.DocComment.MissingShort" />
        <exclude name="Generic.Formatting.MultipleStatementAlignment.NotSameWarning"/>
        <!-- disabled until a later version of php arrives -->
        <exclude name="Generic.PHP.RequireStrictTypes.MissingDeclaration"/>
        <!-- Disabled until a better solution is found -->
        <exclude name="Generic.Files.ExecutableFile.Executable"/>
    </rule>

    <!-- All PHP files MUST use the Unix LF (linefeed) line ending. -->
    <rule ref="Generic.Files.LineEndings">
        <properties>
            <property name="eolChar" value="\n"/>
        </properties>
    </rule>

    <!-- The soft limit on line length MUST be 120 characters; automated style checkers MUST warn but MUST NOT error at the soft limit. -->
    <rule ref="Generic.Files.LineLength">
        <properties>
            <property name="lineLimit" value="120"/>
            <property name="absoluteLineLimit" value="120"/>
        </properties>
    </rule>

    <!-- Shows no warnings/errors in the files -->
    <rule ref="Generic.PHP.NoSilencedErrors">
        <exclude-pattern>tests/*</exclude-pattern>
    </rule>

</ruleset>