<code_scheme name="DietrichOnline" version="173">
  <option name="LINE_SEPARATOR" value="&#xA;" />
  <DB2CodeStyleSettings version="1">
    <option name="myVersion" value="1" />
    <option name="KEYWORD_CASE" value="0" />
    <option name="TABLE_OPENING" value="1" />
    <option name="TABLE_CONTENT" value="2" />
    <option name="TABLE_CLOSING" value="3" />
    <option name="POST_OPT_WRAP_1" value="true" />
    <option name="IMP_DECLARE_EL_WRAP" value="1" />
    <option name="IMP_IF_THEN_WRAP_THEN" value="true" />
  </DB2CodeStyleSettings>
  <DerbyCodeStyleSettings version="1">
    <option name="myVersion" value="1" />
    <option name="KEYWORD_CASE" value="0" />
    <option name="TABLE_OPENING" value="1" />
    <option name="TABLE_CONTENT" value="2" />
    <option name="TABLE_CLOSING" value="3" />
    <option name="POST_OPT_WRAP_1" value="true" />
    <option name="IMP_DECLARE_EL_WRAP" value="1" />
    <option name="IMP_IF_THEN_WRAP_THEN" value="true" />
  </DerbyCodeStyleSettings>
  <H2CodeStyleSettings version="1">
    <option name="myVersion" value="1" />
    <option name="KEYWORD_CASE" value="0" />
    <option name="TABLE_OPENING" value="1" />
    <option name="TABLE_CONTENT" value="2" />
    <option name="TABLE_CLOSING" value="3" />
    <option name="POST_OPT_WRAP_1" value="true" />
    <option name="IMP_DECLARE_EL_WRAP" value="1" />
    <option name="IMP_IF_THEN_WRAP_THEN" value="true" />
  </H2CodeStyleSettings>
  <HSQLCodeStyleSettings version="1">
    <option name="myVersion" value="1" />
    <option name="KEYWORD_CASE" value="0" />
    <option name="TABLE_OPENING" value="1" />
    <option name="TABLE_CONTENT" value="2" />
    <option name="TABLE_CLOSING" value="3" />
    <option name="POST_OPT_WRAP_1" value="true" />
    <option name="IMP_DECLARE_EL_WRAP" value="1" />
    <option name="IMP_IF_THEN_WRAP_THEN" value="true" />
  </HSQLCodeStyleSettings>
  <MSSQLCodeStyleSettings version="1">
    <option name="myVersion" value="1" />
    <option name="KEYWORD_CASE" value="0" />
    <option name="TABLE_OPENING" value="1" />
    <option name="TABLE_CONTENT" value="2" />
    <option name="TABLE_CLOSING" value="3" />
    <option name="POST_OPT_WRAP_1" value="true" />
    <option name="IMP_DECLARE_EL_WRAP" value="1" />
    <option name="IMP_IF_THEN_WRAP_THEN" value="true" />
  </MSSQLCodeStyleSettings>
  <MySQLCodeStyleSettings version="1">
    <option name="myVersion" value="1" />
    <option name="KEYWORD_CASE" value="0" />
    <option name="TABLE_OPENING" value="1" />
    <option name="TABLE_CONTENT" value="2" />
    <option name="TABLE_CLOSING" value="3" />
    <option name="POST_OPT_WRAP_1" value="true" />
    <option name="IMP_DECLARE_EL_WRAP" value="1" />
    <option name="IMP_IF_THEN_WRAP_THEN" value="true" />
  </MySQLCodeStyleSettings>
  <OracleCodeStyleSettings version="1">
    <option name="myVersion" value="1" />
    <option name="KEYWORD_CASE" value="0" />
    <option name="TABLE_OPENING" value="1" />
    <option name="TABLE_CONTENT" value="2" />
    <option name="TABLE_CLOSING" value="3" />
    <option name="POST_OPT_WRAP_1" value="true" />
    <option name="IMP_DECLARE_EL_WRAP" value="1" />
    <option name="IMP_IF_THEN_WRAP_THEN" value="true" />
  </OracleCodeStyleSettings>
  <PHPCodeStyleSettings>
    <option name="ALIGN_ASSIGNMENTS" value="true" />
    <option name="CONCAT_SPACES" value="false" />
    <option name="COMMA_AFTER_LAST_ARRAY_ELEMENT" value="true" />
    <option name="PHPDOC_WRAP_LONG_LINES" value="true" />
    <option name="LOWER_CASE_BOOLEAN_CONST" value="true" />
    <option name="LOWER_CASE_NULL_CONST" value="true" />
    <option name="ELSE_IF_STYLE" value="COMBINE" />
    <option name="VARIABLE_NAMING_STYLE" value="CAMEL_CASE" />
    <option name="BLANK_LINES_BEFORE_RETURN_STATEMENT" value="1" />
    <option name="ALIGN_CLASS_CONSTANTS" value="true" />
    <option name="FORCE_SHORT_DECLARATION_ARRAY_STYLE" value="true" />
  </PHPCodeStyleSettings>
  <PostgresCodeStyleSettings version="1">
    <option name="myVersion" value="1" />
    <option name="KEYWORD_CASE" value="0" />
    <option name="TABLE_OPENING" value="1" />
    <option name="TABLE_CONTENT" value="2" />
    <option name="TABLE_CLOSING" value="3" />
    <option name="POST_OPT_WRAP_1" value="true" />
    <option name="IMP_DECLARE_EL_WRAP" value="1" />
    <option name="IMP_IF_THEN_WRAP_THEN" value="true" />
  </PostgresCodeStyleSettings>
  <SQLiteCodeStyleSettings version="1">
    <option name="myVersion" value="1" />
    <option name="KEYWORD_CASE" value="0" />
    <option name="TABLE_OPENING" value="1" />
    <option name="TABLE_CONTENT" value="2" />
    <option name="TABLE_CLOSING" value="3" />
    <option name="POST_OPT_WRAP_1" value="true" />
    <option name="IMP_DECLARE_EL_WRAP" value="1" />
    <option name="IMP_IF_THEN_WRAP_THEN" value="true" />
  </SQLiteCodeStyleSettings>
  <SqlCodeStyleSettings version="1">
    <option name="myVersion" value="1" />
    <option name="KEYWORD_CASE" value="0" />
    <option name="TABLE_OPENING" value="1" />
    <option name="TABLE_CONTENT" value="2" />
    <option name="TABLE_CLOSING" value="3" />
    <option name="POST_OPT_WRAP_1" value="true" />
    <option name="IMP_DECLARE_EL_WRAP" value="1" />
    <option name="IMP_IF_THEN_WRAP_THEN" value="true" />
  </SqlCodeStyleSettings>
  <SybaseCodeStyleSettings version="1">
    <option name="myVersion" value="1" />
    <option name="KEYWORD_CASE" value="0" />
    <option name="TABLE_OPENING" value="1" />
    <option name="TABLE_CONTENT" value="2" />
    <option name="TABLE_CLOSING" value="3" />
    <option name="POST_OPT_WRAP_1" value="true" />
    <option name="IMP_DECLARE_EL_WRAP" value="1" />
    <option name="IMP_IF_THEN_WRAP_THEN" value="true" />
  </SybaseCodeStyleSettings>
  <codeStyleSettings language="PHP">
    <option name="BLANK_LINES_AFTER_PACKAGE" value="1" />
    <option name="LAMBDA_BRACE_STYLE" value="2" />
    <option name="FINALLY_ON_NEW_LINE" value="true" />
    <option name="SPECIAL_ELSE_IF_TREATMENT" value="true" />
    <option name="ALIGN_MULTILINE_PARAMETERS_IN_CALLS" value="true" />
    <option name="SPACE_AFTER_TYPE_CAST" value="true" />
    <option name="CALL_PARAMETERS_WRAP" value="5" />
    <option name="CALL_PARAMETERS_LPAREN_ON_NEXT_LINE" value="true" />
    <option name="CALL_PARAMETERS_RPAREN_ON_NEXT_LINE" value="true" />
    <option name="METHOD_PARAMETERS_WRAP" value="5" />
    <option name="METHOD_PARAMETERS_LPAREN_ON_NEXT_LINE" value="true" />
    <option name="METHOD_PARAMETERS_RPAREN_ON_NEXT_LINE" value="true" />
    <option name="EXTENDS_KEYWORD_WRAP" value="2" />
    <option name="ARRAY_INITIALIZER_WRAP" value="5" />
    <option name="ARRAY_INITIALIZER_LBRACE_ON_NEXT_LINE" value="true" />
    <option name="ARRAY_INITIALIZER_RBRACE_ON_NEXT_LINE" value="true" />
    <option name="IF_BRACE_FORCE" value="3" />
    <option name="DOWHILE_BRACE_FORCE" value="3" />
    <option name="WHILE_BRACE_FORCE" value="3" />
    <option name="FOR_BRACE_FORCE" value="3" />
  </codeStyleSettings>
</code_scheme>